apps,OS,year,regressions,code,bugs
App72,Windows,2011,76.904,841934,69348
App72,Windows,2009,60.47,358266,65458
App72,Windows,2010,77.588,575003,60895
App72,Windows,2012,76.156,1140357,59265
App96,iOS,2018,73.47,4627926,49357
App72,Windows,2018,64.624,2505559,47307
App114,Windows,2018,65.798,4553009,47143
App96,iOS,2017,74.08,4535591,44684
App135,Android,2018,78.242,301139947,42952
App96,iOS,2016,74.34,4405672,41283
App63,iOS,2018,70.29,4109086,40676
App72,Windows,2016,69.343,1765345,40301
App56,Windows,2018,67.65,6980412,39725
App135,Android,2017,77.31,287675526,39097
App124,iOS,2018,81.701,7554661,37506
App91,iOS,2018,73.23,16570613,36798
App21,Android,2018,71.3,33390141,36319
App58,iOS,2018,73.68,301931,36181
App7,iOS,2018,69.54,8201683,36126
App114,Windows,2017,67.946,4201276,36023
App135,Android,2016,76.81,272911760,35767
App35,iOS,2018,72.35,5468120,35278
App72,Windows,2017,67.712,2111561,35110
App72,Windows,2015,71.309,1418095,34933
App124,iOS,2017,80.62,7361757,34481
App6,Mac,2018,70.93,20434176,34435
App110,Windows,2012,68.768,8128505,34168
App63,iOS,2017,71.08,3879155,34077
App96,iOS,2015,75.37,4286357,33966
App123,iOS,2018,80.884,9031088,33860
App91,iOS,2017,73.75,16122830,33725
App10,iOS,2018,70.25,10392226,33693
App110,Windows,2013,66.295,11254672,33693
App114,Windows,2016,69.521,3802309,33519
App21,Android,2017,72.13,31902268,33329
App44,iOS,2018,68.75,5238460,33207
App134,iOS,2018,79.425,60776238,33203
App7,iOS,2017,70.14,8148312,32418
App48,iOS,2018,70.3,82400996,32170
App35,iOS,2017,72.96,5374693,32167
App124,iOS,2016,79.37,7193761,32135
App135,Android,2015,76.09,256894189,32004
App124,iOS,2015,78.03,6995447,31872
App67,Windows,2018,68.73,127467972,31656
App96,iOS,2014,75.89,4186147,31541
App72,Windows,2013,75.19,1497494,31354
App58,iOS,2017,73.73,288030,31163
App6,Mac,2017,71.1,19546792,30688
App10,iOS,2017,70.94,10311970,30486
App45,iOS,2018,70.51,61083916,30470
App124,iOS,2014,77.41,6649942,30282
App91,iOS,2016,73.82,15604464,30246
App56,Windows,2017,70,6762476,30209
App48,iOS,2017,70.8,82350671,30036
App135,Android,2014,75.02,242803533,29884
App35,iOS,2016,73.47,5283663,29804
App8,Windows,2018,56.923,708573,29796
App134,iOS,2017,78.471,59912431,29479
App123,iOS,2017,80.04,8954175,29342
App7,iOS,2016,70.63,8069876,29096
App21,Android,2016,72.88,30305843,28955
App45,iOS,2017,71.55,59925035,28926
App119,iOS,2018,69.69,40448191,28821
App67,Windows,2016,73.42,125956499,28817
App126,Windows,2018,78.4,23174294,28718
App67,Windows,2017,71.43,127065841,28605
App65,iOS,2018,69.24,58147733,28570
App124,iOS,2013,76.21,6468126,28398
App56,Windows,2016,72,6495918,28378
App44,iOS,2017,69.83,5193039,28205
App72,Windows,2014,74.174,1891487,28118
App58,iOS,2016,74.46,271192,28061
App65,iOS,2017,71.06,57926999,27968
App48,iOS,2016,71,82011073,27789
App10,iOS,2016,71.44,10201687,27561
App50,iOS,2018,69.51,10706290,27538
App124,iOS,2011,73.78,6401400,27195
App7,iOS,2015,72.17,7914969,27042
App6,Mac,2016,71.93,18565243,26998
App124,iOS,2012,75.39,6316424,26982
App58,iOS,2014,76.99,244676,26923
App67,Windows,2015,75.38,124329269,26825
App91,iOS,2015,75.24,15174244,26791
App21,Android,2014,75.76,26549700,26627
App48,iOS,2015,72.5,80597764,26505
App35,iOS,2015,74.63,5171393,26407
App21,Android,2015,74.21,28523502,26343
App96,iOS,2013,75.97,4114787,26299
App134,iOS,2016,77.218,58808266,26075
App45,iOS,2016,72.38,58623428,25890
App116,iOS,2018,69.15,2009245,25768
App10,iOS,2015,72.8,10045622,25576
App64,Windows,2018,69.39,6426679,25523
App123,iOS,2016,79.39,8897619,25267
App92,Mac,2018,71.24,4115771,25185
App58,iOS,2015,76.11,259012,25144
App35,iOS,2014,74.69,5127024,25116
App135,Android,2013,74.65,232187835,25010
App110,Windows,2015,58.69,16945857,24842
App110,Windows,2011,70.533,6472756,24837
App119,iOS,2017,71.44,40152517,24835
App114,Windows,2015,70.795,3235865,24770
App56,Windows,2015,73.6,5829696,24758
App45,iOS,2015,73.83,57374179,24704
App65,iOS,2016,72.19,57479469,24675
App48,iOS,2014,73.8,77718298,24639
App63,iOS,2016,71.28,3667233,24522
App135,Android,2012,73.38,220239000,24073
App123,iOS,2015,78.16,8718867,23880
App44,iOS,2016,70.87,5134406,23724
App7,iOS,2014,73.18,7578903,23688
App91,iOS,2014,76.05,14665278,23651
App123,iOS,2014,77.19,8421403,23587
App6,Mac,2015,73.49,17482012,23425
App8,Windows,2017,59.923,656397,23404
App71,Windows,2018,55.292,49044790,23348
App96,iOS,2012,77.32,4043205,23311
App58,iOS,2013,77.23,233997,23270
App126,Windows,2017,76.99,22454239,23235
App92,Mac,2017,71.52,3908037,23190
App124,iOS,2010,72.77,6063000,22966
App21,Android,2013,76.86,25201900,22899
App34,iOS,2018,69.9,10228744,22833
App134,iOS,2015,76.42,57866349,22705
App10,iOS,2014,73.93,9870200,22526
App50,iOS,2017,71,10603863,22514
App67,Windows,2014,77.11,122091325,22376
App97,Mac,2018,43.165,3204897,22316
App21,Android,2012,77.95,23796400,22091
App45,iOS,2014,74.89,55630100,22066
App48,iOS,2013,74.847,78335266,22032
App65,iOS,2015,73.48,56840847,22014
App76,Linux,2012,68.755,2721783,21951
App64,Windows,2017,70.75,6029529,21906
App6,Mac,2014,74.74,16257249,21889
App135,Android,2011,71.34,209896000,21806
App46,Linux,2012,56.761,706367,21746
App35,iOS,2013,74.8,5117810,21688
App134,iOS,2014,75.007,56981620,21665
App110,Windows,2018,45.914,27601038,21655
App7,iOS,2013,74.94,7574613,21597
App91,iOS,2013,76.83,14310401,21399
App91,iOS,2012,77.42,13852989,21209
App110,Windows,2014,63.012,14619745,21198
App44,iOS,2014,74.55,4931729,21141
App92,Mac,2016,71.89,3676187,21050
App76,Linux,2011,71.555,2183877,21011
App10,iOS,2013,75.35,9856303,20980
App64,Windows,2016,71.63,5531387,20897
App123,iOS,2013,76.42,8325260,20667
App116,iOS,2017,69.18,2011497,20660
App44,iOS,2015,72.52,5041039,20647
App110,Windows,2016,53.886,21229759,20587
App48,iOS,2012,76.07,78160773,20513
App104,iOS,2018,64.39,10642836,20510
App119,iOS,2016,73.06,39855442,20445
App124,iOS,2009,71.32,5666000,20431
App35,iOS,2012,75.33,5088419,20423
App45,iOS,2013,76.34,54433565,20294
App8,Windows,2016,63.3,598561,20292
App126,Windows,2016,75.25,21628605,20207
App104,iOS,2017,66.6,10433867,20161
App97,Mac,2017,46.988,2713462,20125
App56,Windows,2014,75.45,5584510,20038
App7,iOS,2012,76.04,7568430,19749
App97,Mac,2016,52.143,2283635,19702
App58,iOS,2012,78.77,221823,19655
App135,Android,2010,70.76,201412000,19530
App6,Mac,2013,76.32,15184200,19477
App67,Windows,2013,78.67,118454974,19384
App8,Windows,2012,72.601,297410,19340
App105,Android,2018,69.62,3942491,19329
App71,Windows,2017,57.716,47969150,19234
App8,Windows,2013,70.75,377967,19211
App65,iOS,2014,74.98,56729703,19207
App10,iOS,2012,76.46,9821800,19118
App8,Windows,2015,65.593,529491,19036
App110,Windows,2017,49.901,24501530,19015
App92,Mac,2014,73.84,3317166,19007
App21,Android,2011,78.61,22284500,18971
App96,iOS,2011,78.32,3933004,18965
App35,iOS,2011,76.11,4991596,18866
App114,Windows,2014,71.76,2794552,18862
App105,Android,2017,71.1,3859606,18856
App123,iOS,2012,75.44,8251648,18856
App91,iOS,2011,78.03,13329874,18795
App76,Linux,2010,72.737,1759224,18773
App50,iOS,2016,72.34,10502372,18748
App116,iOS,2014,71.063,1945870,18679
App115,iOS,2018,70.33,5447502,18678
App97,Mac,2015,57.367,1915208,18617
App119,iOS,2015,74.39,39549438,18603
App44,iOS,2013,74.83,4826933,18533
App8,Windows,2014,69.052,454612,18524
App92,Mac,2015,72.22,3437674,18363
App6,Mac,2012,77.56,14074100,18334
App45,iOS,2012,77.46,53165019,18293
App8,Windows,2011,73.925,230800,18269
App134,iOS,2013,74.04,56339704,18232
App97,Mac,2014,62.728,1593882,18115
App64,Windows,2015,73.06,4936550,18052
App48,iOS,2011,77.34,78717088,18016
App57,iOS,2018,67.96,9956108,18009
App130,Android,2018,69.819,1056608,18009
App116,iOS,2013,72.25,1861252,17867
App123,iOS,2011,74.72,8122293,17832
App104,iOS,2016,69.26,10156415,17641
App92,Mac,2013,74.32,3210650,17632
App34,iOS,2017,70.29,10256295,17596
App63,iOS,2015,72.03,3557761,17559
App50,iOS,2015,73.68,10325429,17541
App134,iOS,2012,72.76,56179000,17429
App76,Linux,2013,66.234,3344074,17364
App116,iOS,2016,69.82,2011612,17161
App64,Windows,2014,74.45,4203148,17122
App105,Android,2016,72.16,3759430,16999
App110,Windows,2010,71.626,5618198,16903
App6,Mac,2011,78.83,13177000,16789
App10,iOS,2011,77.53,9709100,16672
App7,iOS,2011,77.51,7544201,16662
App67,Windows,2012,79.36,113872473,16610
App65,iOS,2013,76.42,56535636,16537
App96,iOS,2010,79.05,3786019,16362
App34,iOS,2014,70.96,10311597,16310
App92,Mac,2012,76.33,3164900,16234
App104,iOS,2015,70.41,9927680,16207
App135,Android,2009,70.21,186538000,16173
App50,iOS,2014,75.24,9974490,16121
App45,iOS,2011,78.64,51732000,16107
App21,Android,2010,79.77,20819767,16077
App34,iOS,2016,70.38,10300707,16049
App92,Mac,2011,77.55,2929100,16046
App71,Windows,2016,62.612,46173816,15994
App35,iOS,2010,77.18,4838800,15937
App134,iOS,2011,72.01,56079000,15895
App112,iOS,2014,70.3,9230783,15871
App58,iOS,2011,78.95,209275,15798
App119,iOS,2014,76.3,38880702,15765
App44,iOS,2012,75.7,4738902,15605
App103,iOS,2018,67.64,38518241,15390
App34,iOS,2013,71.58,10303704,15377
App64,Windows,2013,75.6,3858421,15367
App91,iOS,2010,78.53,12596822,15363
App116,iOS,2012,73.64,1746919,15277
App50,iOS,2013,76.67,9786480,15268
App123,iOS,2010,74.16,7867931,15258
App126,Windows,2015,74.26,20686918,15216
App112,iOS,2013,71.218,9032824,15181
App114,Windows,2013,73.56,2651869,15169
App46,Linux,2013,56.735,753874,15113
App57,iOS,2017,69.17,10083313,14844
App8,Windows,2010,74.795,202182,14805
App34,iOS,2012,72.4,10161915,14800
App67,Windows,2011,80.69,107188273,14779
App48,iOS,2010,78.67,76368453,14746
App46,Linux,2016,48.69,1126189,14723
App62,Windows,2012,59.545,11882916,14688
App105,Android,2015,73.44,3585176,14642
App32,iOS,2018,67.13,4493312,14619
App56,Windows,2013,76.2,5264500,14561
App6,Mac,2010,80.37,11872264,14526
App62,Windows,2013,59.461,14173318,14518
App92,Mac,2010,79.11,2728150,14464
App44,iOS,2011,77.13,4639657,14359
App34,iOS,2015,70.71,10315702,14297
App65,iOS,2012,77.44,56059245,14256
App116,iOS,2015,70.97,1999210,14215
App50,iOS,2012,77.03,9308479,14196
App134,iOS,2010,71.36,54959000,14143
App119,iOS,2013,76.9,37983310,13926
App63,iOS,2014,73.1,3539900,13873
App32,iOS,2014,70.64,4484310,13823
App115,iOS,2017,70.35,5410052,13639
App35,iOS,2009,78.332,4646899,13583
App46,Linux,2015,52.79,985739,13522
App21,Android,2009,80.653,18985849,13462
App96,iOS,2009,80.196,3638919,13450
App58,iOS,2010,80.5,198676,13320
App64,Windows,2012,76.93,3495918,13307
App119,iOS,2012,77.57,36439000,13237
App32,iOS,2013,71.52,4413368,13222
App46,Linux,2018,40.489,1454867,13206
App92,Mac,2009,80.204,2488550,13176
App24,Android,2018,57.924,16284741,13172
App10,iOS,2010,78.32,9556500,13149
App137,Android,2012,67.456,13503563,13144
App34,iOS,2011,74.01,9862158,13108
App104,iOS,2014,72.77,9915289,13039
App45,iOS,2010,79.59,49569000,13000
App57,iOS,2014,69.58,10612740,12986
App112,iOS,2012,71.659,8686367,12981
App97,Mac,2013,67.734,1301048,12955
App48,iOS,2009,79.406,73739117,12902
App7,iOS,2010,78.98,7376998,12835
App91,iOS,2009,79.762,11805689,12791
App64,Windows,2011,78.269,3095893,12787
App5,Android,2018,65.142,40301927,12779
App8,Windows,2009,75.635,171863,12753
App50,iOS,2011,77.869,8888628,12725
App63,iOS,2013,74.36,3480000,12618
App14,Linux,2018,46.634,1639131,12570
App57,iOS,2013,69.76,10705535,12546
App46,Linux,2017,44.598,1299304,12522
App134,iOS,2009,70.76,53292000,12477
App79,Mac,2018,55.737,24821286,12452
App116,iOS,2011,75.13,1694510,12383
App123,iOS,2009,73.37,7561588,12329
App105,Android,2014,73.75,3444468,12281
App65,iOS,2011,78.82,54365564,12269
App6,Mac,2009,81.235,10794968,12217
App41,Linux,2018,37.485,551201,12154
App115,iOS,2016,70.45,5383010,12126
App71,Windows,2015,64.766,43805450,12104
App76,Linux,2018,47.808,6036914,12057
App115,iOS,2014,70.98,5199318,12037
App103,iOS,2017,69.61,38625976,12017
App83,Android,2018,58.299,108700891,12013
App61,Windows,2012,65.742,35480679,11889
App46,Linux,2014,56.564,880397,11864
App97,Mac,2012,71.197,1004533,11848
App76,Linux,2014,62.155,3799845,11771
App104,iOS,2013,74.06,9859650,11754
App85,iOS,2014,73.981,569473,11733
App57,iOS,2016,69.39,10244684,11713
App57,iOS,2012,69.95,10637171,11675
App62,Windows,2014,58.811,16543189,11644
App32,iOS,2017,68.5,4481020,11628
App110,Windows,2009,72.777,4943029,11626
App61,Windows,2018,49.325,69453570,11606
App130,Android,2017,68.976,1101832,11461
App137,Android,2018,73.747,26084662,11416
App46,Linux,2011,60.19,537977,11402
App34,iOS,2010,75.51,9835109,11399
App115,iOS,2013,71.08,5048043,11349
App32,iOS,2012,72.527,4318673,11305
App85,iOS,2013,74.101,562548,11223
App114,Windows,2012,75.788,2325300,11210
App56,Windows,2012,77.601,4583700,11186
App137,Android,2013,68.557,15620766,11152
App63,iOS,2012,75.467,3271900,11151
App126,Windows,2014,73.4,19757799,11055
App14,Linux,2017,50.728,1630347,11004
App10,iOS,2009,79.441,9218400,10991
App5,Android,2016,67.065,36203463,10967
App82,Linux,2018,60.246,1250882,10957
App115,iOS,2012,71.38,4827803,10923
App44,iOS,2010,78.37,4605744,10922
App107,iOS,2018,66.8,22276056,10808
App24,Android,2017,60.523,15497046,10779
App7,iOS,2009,79.829,7129864,10751
App83,Android,2017,60.11,102479927,10742
App137,Android,2015,71.15,20265563,10734
App16,iOS,2018,69.51,7322858,10681
App119,iOS,2011,78.77,34513161,10639
App97,Mac,2011,72.499,829050,10618
App136,Android,2018,76.384,3447496,10611
App45,iOS,2009,80.657,47124000,10560
App57,iOS,2015,69.5,10348684,10536
App112,iOS,2011,72.232,8313288,10522
App137,Android,2011,65.712,11515649,10505
App73,Windows,2018,62.094,3921278,10461
App58,iOS,2009,81.757,182053,10350
App105,Android,2013,73.911,3279001,10331
App79,Mac,2017,59.371,22662365,10207
App104,iOS,2012,74.86,9662600,10172
App57,iOS,2011,71.04,10394091,10169
App137,Android,2016,72.146,22374398,10165
App103,iOS,2016,70.67,38654957,10160
App34,iOS,2009,76.486,9620282,10137
App79,Mac,2016,63.01,20476091,10133
App24,Android,2016,63.441,14599929,10118
App5,Android,2012,71.868,26983828,10079
App65,iOS,2010,80.24,52667100,10022
App137,Android,2014,70.19,17910182,9884
App32,iOS,2016,69.61,4444595,9876
App67,Windows,2010,82,100825279,9848
App99,Android,2018,61.817,3242173,9809
App112,iOS,2018,64.531,10150265,9787
App105,Android,2012,74.63,3080828,9771
App83,Android,2016,62.361,95895146,9767
App107,iOS,2014,69.46,22686371,9696
App115,iOS,2011,72.71,4593433,9674
App30,Android,2018,62.842,4133884,9645
App76,Linux,2015,57.442,4364501,9640
App61,Windows,2011,68.042,30614000,9614
App83,Android,2013,69.498,71640904,9611
App107,iOS,2013,69.53,22356726,9605
App85,iOS,2012,74.543,560073,9596
App62,Windows,2011,60.413,10061506,9576
App137,Android,2010,63.479,9709552,9541
App76,Linux,2017,50.227,5368585,9535
App63,iOS,2011,76.122,3024400,9531
App103,iOS,2012,71.32,34621254,9508
App115,iOS,2015,70.8,5302888,9498
App83,Android,2015,65.032,88111030,9472
App76,Linux,2016,52.773,4759670,9467
App5,Android,2011,73.275,24779799,9443
App116,iOS,2010,76.66,1646912,9405
App44,iOS,2009,79.313,4491443,9372
App107,iOS,2012,69.66,21658597,9356
App57,iOS,2010,72.59,10223422,9327
App112,iOS,2015,70.162,9826397,9325
App73,Windows,2017,63.87,3677780,9314
App5,Android,2015,68.481,33958947,9308
App118,Linux,2018,49.339,43997828,9270
App85,iOS,2018,63.728,684736,9254
App61,Windows,2017,52.469,66907826,9241
App136,Android,2016,74.223,3262838,9230
App32,iOS,2011,73.68,4225310,9164
App5,Android,2014,69.942,31620918,9140
App105,Android,2011,74.917,2847132,9123
App130,Android,2013,68.832,1116479,9120
App103,iOS,2014,70.98,37740710,9082
App15,Android,2018,55.665,190010647,9066
App82,Linux,2017,61.557,1201706,9022
App104,iOS,2011,75.97,8970450,9022
App5,Android,2013,70.774,29341374,8998
App33,Android,2018,65.246,11416987,8948
App62,Windows,2010,62.038,8519282,8931
App5,Android,2017,65.634,38331121,8798
App130,Android,2016,69.465,1138101,8793
App73,Windows,2016,65.421,3430388,8755
App83,Android,2014,67.405,80122492,8688
App73,Windows,2012,69.292,3115787,8660
App14,Linux,2016,51.52,1536536,8647
App137,Android,2017,72.766,24287670,8605
App114,Windows,2011,77.158,2152400,8598
App118,Linux,2013,55.527,31140029,8568
App71,Windows,2014,67.123,41622000,8533
App50,iOS,2010,78.256,8716441,8513
App132,iOS,2018,71.777,71158647,8458
App103,iOS,2013,70.99,36227381,8452
App32,iOS,2015,70.46,4494013,8448
App137,Android,2009,60.77,8143375,8423
App115,iOS,2010,73.8,4442238,8413
App64,Windows,2010,79.696,2693585,8394
App46,Linux,2010,60.461,489004,8359
App62,Windows,2009,65.044,7240260,8342
App56,Windows,2011,80,4115700,8316
App61,Windows,2016,55.234,63327987,8264
App65,iOS,2009,80.546,50843200,8244
App16,iOS,2014,70.9,8971958,8240
App16,iOS,2013,71.08,8892098,8224
App136,Android,2015,72.752,3149262,8137
App15,Android,2017,57.632,179914212,8131
App5,Android,2010,74.34,22934225,8053
App118,Linux,2012,58.161,27129932,8029
App107,iOS,2011,69.72,20662648,8011
App103,iOS,2011,72.75,33039545,8007
App119,iOS,2010,79.78,32850275,7994
App112,iOS,2010,73.213,7971222,7992
App15,Android,2016,59.504,168546719,7958
App14,Linux,2015,52.556,1342614,7954
App112,iOS,2016,68.7,10336594,7914
App130,Android,2012,68.3,1039009,7900
App107,iOS,2017,66.8,22404337,7885
App118,Linux,2014,53.696,35933379,7826
App15,Android,2014,63.336,142938076,7807
App85,iOS,2011,74.865,527678,7778
App118,Linux,2011,60.236,23935810,7766
App103,iOS,2015,70.85,38370697,7739
App136,Android,2017,75.307,3363085,7727
App30,Android,2017,65.424,3834934,7723
App118,Linux,2017,49.951,44433622,7711
App41,Linux,2017,38.987,495627,7703
App16,iOS,2017,70.32,7661799,7697
App83,Android,2012,71.455,63759976,7675
App106,Linux,2018,57.666,798094,7670
App63,iOS,2010,77.783,2900100,7656
App73,Windows,2013,67.926,3086876,7641
App16,iOS,2012,71.19,8797022,7612
App61,Windows,2013,63.04,43072751,7608
App24,Android,2015,67.052,13572994,7596
App57,iOS,2009,73.338,10063000,7550
App33,Android,2014,73.717,10239839,7533
App73,Windows,2011,70.265,2680018,7486
App115,iOS,2009,74.663,4237384,7481
App118,Linux,2016,51.927,42835005,7479
App128,Windows,2018,70.616,65068149,7458
App136,Android,2014,71.918,3045153,7452
App13,iOS,2018,61.93,4552198,7446
App66,Android,2011,72.047,2016616,7434
App38,Android,2016,58.796,11911819,7429
App82,Linux,2016,62.944,1149818,7426
App126,Windows,2013,72.16,18501390,7426
App101,Android,2018,49.096,28674757,7409
App66,Android,2015,70.11,2378618,7405
App116,iOS,2009,77.926,1582962,7402
App130,Android,2014,69.582,1191336,7389
App130,Android,2015,69.862,1183669,7371
App99,Android,2017,64.071,2990875,7356
App107,iOS,2016,69.21,22562458,7347
App66,Android,2018,65.61,2780132,7321
App33,Android,2013,74.174,9789224,7317
App79,Mac,2015,65.256,18319502,7278
App61,Windows,2015,57.702,60397973,7236
App112,iOS,2017,66.914,10111559,7236
App118,Linux,2015,53.365,39964159,7225
App38,Android,2013,67.231,8365850,7214
App5,Android,2009,75.32,21283783,7133
App66,Android,2016,69,2531311,7122
App99,Android,2016,66.216,2734531,7114
App118,Linux,2010,60.834,20997321,7114
App139,Windows,2016,71.096,2826046,7111
App64,Windows,2009,80.745,2310904,7106
App38,Android,2015,61.31,10748394,7104
App131,Linux,2018,73.923,10276158,7093
App99,Android,2014,70.472,2253639,7035
App15,Android,2013,65.205,128962939,7031
App99,Android,2013,71.523,2036305,7010
App26,Android,2018,57.863,44227550,7007
App85,iOS,2015,73.066,621621,7003
App66,Android,2017,67.51,2664659,6995
App32,iOS,2010,74.876,4174366,6960
App15,Android,2015,61.489,155975974,6950
App105,Android,2010,77.778,2648961,6929
App136,Android,2013,70.805,2953997,6920
App73,Windows,2015,66.099,3219994,6891
App38,Android,2018,54.64,13755680,6873
App83,Android,2011,73.67,55984294,6809
App76,Linux,2009,73.952,1441863,6757
App38,Android,2012,69.613,7278866,6680
App30,Android,2016,67.849,3518107,6677
App15,Android,2012,67.057,114313951,6660
App66,Android,2012,71.77,2156814,6650
App61,Windows,2014,59.62,51889696,6643
App63,iOS,2009,78.885,2830000,6632
App46,Linux,2009,61.366,455661,6631
App130,Android,2011,65.9,975199,6620
App99,Android,2015,68.681,2484997,6619
App132,iOS,2016,68.835,63047647,6601
App107,iOS,2015,69.36,22797027,6598
App16,iOS,2011,71.34,8576200,6597
App67,Windows,2009,82.603,95831757,6577
App85,iOS,2017,67.178,720230,6557
App103,iOS,2010,74.67,31785378,6557
App132,iOS,2017,70.845,67308928,6508
App136,Android,2012,69.481,2873520,6504
App38,Android,2014,64.342,9545158,6482
App107,iOS,2010,71.322,19284814,6471
App85,iOS,2016,70.636,692651,6466
App101,Android,2013,64.134,18125129,6435
App33,Android,2012,74.414,9537988,6380
App104,iOS,2010,77.29,9103000,6362
App101,Android,2014,61.406,20195924,6361
App66,Android,2014,71.21,2326606,6351
App33,Android,2017,68.29,11226999,6341
App106,Linux,2017,60.542,743981,6316
App16,iOS,2015,70.81,8658506,6303
App112,iOS,2009,74.002,7616060,6290
App101,Android,2012,66.458,15990099,6281
App3,Linux,2018,48.303,33333216,6223
App14,Linux,2014,53.298,1151184,6206
App56,Windows,2010,81.495,3722800,6198
App30,Android,2015,70.75,3173216,6160
App66,Android,2010,72.262,1861096,6125
App26,Android,2016,61.623,37657830,6117
App106,Linux,2015,67.064,622191,6101
App106,Linux,2016,64.274,684810,6072
App66,Android,2013,71.766,2298309,6068
App82,Linux,2015,64.93,1096202,6058
App37,Android,2018,53.459,9320092,6025
App13,iOS,2017,64.79,4165416,6019
App139,Windows,2015,69.718,2104779,6018
App50,iOS,2009,79.483,8448233,6017
App73,Windows,2010,71.028,2186894,6007
App16,iOS,2016,70.42,8066057,5970
App101,Android,2011,68.386,13954700,5938
App2,iOS,2018,64.82,3600523,5937
App30,Android,2012,75.713,2108457,5927
App128,Windows,2017,68.564,62806748,5913
App101,Android,2017,51.445,26769436,5909
App85,iOS,2010,75.435,501035,5908
App61,Windows,2010,69.451,26538000,5907
App128,Windows,2016,67.521,60216677,5853
App101,Android,2016,55.448,24748122,5838
App101,Android,2010,69.906,12132200,5788
App38,Android,2017,56.678,12921234,5773
App118,Linux,2009,61.888,18356657,5769
App26,Android,2017,59.963,41008227,5755
App83,Android,2010,74.902,47995559,5755
App3,Linux,2013,65.799,20033753,5745
App40,Android,2018,52.307,6939688,5728
App131,Linux,2017,73.042,9770575,5723
App73,Windows,2009,71.993,1886848,5715
App136,Android,2011,68.673,2829526,5703
App119,iOS,2009,80.941,31158061,5694
App33,Android,2010,77.158,8139332,5690
App3,Linux,2014,61.368,23254956,5681
App132,iOS,2015,66.146,58179144,5678
App30,Android,2014,73.45,2799811,5630
App71,Windows,2013,69.81,39326000,5623
App130,Android,2010,65.4,960155,5621
App136,Android,2009,68.253,2598466,5603
App126,Windows,2012,70.59,16785196,5597
App33,Android,2015,72.649,10723260,5593
App39,Linux,2018,46.992,80264543,5581
App16,iOS,2010,72.14,8310226,5577
App24,Android,2014,70.565,12463354,5547
App4,Linux,2010,41.003,5247469,5523
App24,Android,2011,75.816,9717524,5494
App93,Android,2012,65.843,2554598,5486
App32,iOS,2009,75.748,4076557,5478
App4,Linux,2011,40.963,5894858,5473
App26,Android,2015,63.837,34202721,5445
App136,Android,2010,68.468,2748579,5445
App33,Android,2016,70.723,10983007,5432
App73,Windows,2014,66.983,3089353,5377
App99,Android,2011,73.738,1616384,5364
App40,Android,2017,55.855,6353681,5352
App99,Android,2012,72.462,1839782,5352
App103,iOS,2009,75.563,30329617,5339
App33,Android,2011,76.151,8831348,5305
App106,Linux,2014,69.885,562035,5303
App3,Linux,2017,51.407,31287142,5288
App38,Android,2011,72.312,6298651,5281
App106,Linux,2013,71.913,517810,5267
App30,Android,2013,74.752,2424367,5263
App79,Mac,2014,68,16331785,5250
App66,Android,2009,72.567,1665128,5246
App51,Android,2018,46.954,12572928,5186
App33,Android,2009,78.273,7254373,5181
App40,Android,2016,56.604,5783439,5155
App40,Android,2012,66.798,4282586,5139
App30,Android,2011,77.26,1834796,5118
App105,Android,2009,78.746,2448046,5108
App24,Android,2010,77.86,8858908,5107
App139,Windows,2014,67.046,1691210,5107
App24,Android,2013,72.492,11487112,5096
App132,iOS,2014,63.108,52881328,5089
App106,Linux,2011,74.772,461633,5048
App3,Linux,2015,58.014,26298373,5023
App130,Android,2009,64.9,887498,4998
App15,Android,2011,69.388,100840058,4986
App114,Windows,2010,78.77,2012600,4977
App25,Windows,2018,44.50136,1318683096,4959
App101,Android,2009,71.421,10516500,4957
App79,Mac,2013,69.5,14441916,4920
App3,Linux,2012,67.744,17152804,4910
App26,Android,2014,66.653,30964245,4903
App29,Linux,2013,55.322,1774735,4880
App51,Android,2012,63.373,5703430,4880
App131,Linux,2016,71.973,9231669,4877
App51,Android,2017,50.016,11178650,4858
App51,Android,2013,60.782,6395630,4820
App89,Linux,2018,48.386,2055080,4811
App3,Linux,2016,54.518,29072015,4797
App4,Linux,2018,34,12420476,4797
App82,Linux,2014,66.711,1042663,4784
App13,iOS,2016,67.45,3607000,4766
App24,Android,2012,74.126,10599793,4757
App39,Linux,2017,49.293,73312559,4755
App107,iOS,2009,72.476,18680721,4735
App104,iOS,2009,78.098,9019800,4728
App97,Mac,2010,74.193,714775,4721
App56,Windows,2009,82.208,3305200,4693
App93,Android,2011,68.426,2182908,4689
App51,Android,2016,53.738,9803875,4684
App71,Windows,2012,72.244,36436000,4657
App85,iOS,2009,75.445,474528,4650
App93,Android,2010,70.836,1865490,4643
App128,Windows,2015,67.298,56667095,4617
App2,iOS,2017,66.22,3508512,4604
App83,Android,2009,76.195,41121485,4582
App38,Android,2010,74.173,5432424,4579
App37,Android,2017,56.751,8650322,4564
App14,Linux,2013,56.024,970347,4551
App40,Android,2011,69.535,3790903,4520
App24,Android,2009,78.553,7961258,4519
App68,Windows,2018,48.126,6053193,4519
App139,Windows,2017,72.37,3389578,4515
App122,Linux,2018,39.613,1133066,4513
App62,Windows,2018,51.457,27499638,4471
App68,Windows,2014,63.739,2820042,4449
App101,Android,2015,58.447,22430449,4446
App40,Android,2015,56.696,5274649,4444
App51,Android,2015,56.029,8486949,4439
App99,Android,2010,74.712,1405486,4421
App26,Android,2013,67.768,27764644,4398
App62,Windows,2017,54.459,24001816,4391
App40,Android,2010,70.734,3232927,4359
App139,Windows,2013,64.406,1425876,4336
App131,Linux,2015,70.001,8523077,4333
App106,Linux,2012,73.615,492095,4320
App13,iOS,2014,70.69,4338977,4314
App4,Linux,2009,42.731,4826015,4269
App132,iOS,2012,59.507,42404033,4269
App100,Android,2013,67.378,3366439,4259
App16,iOS,2009,73.005,8012946,4254
App100,Android,2016,65.815,5154123,4247
App51,Android,2014,58.137,7326406,4246
App132,iOS,2013,61.036,47328791,4241
App29,Linux,2014,54.907,2064095,4201
App100,Android,2015,66.353,4483945,4196
App89,Linux,2013,56.437,1099010,4191
App61,Windows,2009,70.964,22874000,4187
App125,Windows,2018,74.143,19314747,4185
App3,Linux,2011,69.152,14760787,4183
App39,Linux,2016,51.137,66134291,4173
App100,Android,2018,64.361,6667147,4173
App30,Android,2010,78.123,1588717,4162
App68,Windows,2013,65.869,2347031,4161
App40,Android,2014,58.207,4842194,4140
App122,Linux,2017,43.869,1130269,4128
App13,iOS,2013,71.14,4172693,4127
App70,Windows,2013,67.297,17647518,4107
App70,Windows,2012,67.727,16325320,4106
App70,Windows,2014,67.159,19067554,4106
App40,Android,2013,63.154,4474873,4098
App125,Windows,2017,73.053,17155814,4091
App38,Android,2009,74.994,4681707,4086
App89,Linux,2017,51.159,2011153,4072
App126,Windows,2011,69.39,15226039,4063
App51,Android,2011,66.322,5149581,4031
App106,Linux,2010,75.744,414024,4021
App29,Linux,2015,52.97,2409073,4016
App125,Windows,2016,71.527,15081016,4014
App100,Android,2014,66.874,3886512,3999
App122,Linux,2014,57.678,779348,3985
App120,Windows,2018,62.192,20378239,3970
App89,Linux,2016,51.479,1774766,3900
App122,Linux,2013,55.561,649901,3895
App39,Linux,2014,56.006,52799062,3885
App122,Linux,2016,54.289,1054486,3877
App89,Linux,2012,58.909,977026,3876
App68,Windows,2017,51.629,5307470,3845
App79,Mac,2012,70.693,12845381,3828
App12,Android,2018,43.428,9119152,3822
App86,Linux,2018,47.924,33757175,3820
App26,Android,2012,68.421,25094412,3816
App131,Linux,2014,66.894,7724976,3810
App89,Linux,2015,52.906,1554253,3805
App39,Linux,2015,53.319,59402198,3795
App89,Linux,2010,60.835,706640,3794
App100,Android,2017,64.951,5884491,3784
App122,Linux,2012,52.537,551425,3781
App40,Android,2009,71.878,2747687,3777
App125,Windows,2013,64.59,9410494,3762
App62,Windows,2015,57.046,17861905,3746
App89,Linux,2011,58.968,821782,3746
App2,iOS,2014,70.42,3075321,3739
App70,Windows,2015,66.662,20711375,3726
App82,Linux,2012,69.745,913025,3711
App70,Windows,2011,69.1,14781241,3702
App36,Linux,2011,53.157,178848,3694
App89,Linux,2014,53.867,1278184,3694
App82,Linux,2013,68.74,992040,3688
App139,Windows,2012,60.765,1261091,3683
App114,Windows,2009,79.972,1750200,3675
App68,Windows,2016,56.528,4526235,3645
App93,Android,2009,72.899,1590597,3634
App29,Linux,2018,48.435,3800610,3633
App2,iOS,2013,71.581,2780097,3631
App37,Android,2016,59.631,7992357,3614
App131,Linux,2013,64.048,6734098,3560
App122,Linux,2015,58.474,962344,3553
App12,Android,2012,59.957,5079716,3548
App55,Android,2018,48.041,7483763,3548
App60,Windows,2018,42.518,223547000,3541
App99,Android,2009,75.537,1215725,3537
App2,iOS,2012,72,2509048,3533
App13,iOS,2012,72.178,4086000,3528
App39,Linux,2013,59.797,45681811,3504
App29,Linux,2016,52.962,2800947,3484
App29,Linux,2017,52.04,3328795,3484
App93,Android,2013,62.008,2979423,3470
App30,Android,2009,78.782,1345187,3461
App132,iOS,2011,57.005,37492953,3451
App68,Windows,2015,61.134,3867409,3432
App15,Android,2010,71.006,88049823,3430
App12,Android,2017,45.032,8445134,3413
App122,Linux,2011,49.552,480105,3365
App125,Windows,2015,69.249,13219062,3341
App15,Android,2009,72.39,76039390,3337
App12,Android,2016,46.714,7693188,3326
App2,iOS,2011,72.95,2263554,3313
App26,Android,2011,70.313,22542890,3265
App29,Linux,2012,55.625,1536769,3259
App86,Linux,2017,50.335,31167783,3258
App100,Android,2012,68.225,2984494,3248
App3,Linux,2010,70.994,12760499,3247
App51,Android,2010,68.978,4690773,3243
App14,Linux,2012,59.319,781472,3215
App29,Linux,2011,56.433,1340458,3213
App55,Android,2012,66.399,3055235,3203
App125,Windows,2012,61.195,7932503,3195
App2,iOS,2016,67.69,3428038,3193
App102,Windows,2018,54.757,91077287,3190
App106,Linux,2009,76.442,358900,3174
App89,Linux,2009,61.999,621392,3173
App55,Android,2016,53.884,5867957,3160
App12,Android,2013,57.251,5642224,3157
App139,Windows,2011,56.532,1089572,3133
App55,Android,2013,64.492,3669448,3122
App131,Linux,2012,59.837,6005061,3121
App25,Windows,2017,58.38112,1280400000,3119
App60,Windows,2016,49.203,201578000,3119
App125,Windows,2014,66.974,11242847,3117
App55,Android,2017,50.924,6677328,3100
App84,Mac,2018,48.251,2874127,3096
App36,Linux,2012,51.604,228694,3082
App55,Android,2015,57.402,5077347,3082
App62,Windows,2016,56.95,20775703,3076
App37,Android,2015,61.788,7351181,3044
App71,Windows,2011,74.647,33505000,3031
App139,Windows,2018,73.422,4018332,3025
App55,Android,2014,60.909,4372203,3023
App36,Linux,2009,54.791,89898,3021
App36,Linux,2010,53.373,127617,3020
App120,Windows,2017,64.266,19576783,3015
App4,Linux,2012,40.647,6162675,3009
App128,Windows,2014,66.084,52910342,2983
App86,Linux,2016,52.862,28529501,2982
App12,Android,2011,62.05,4565872,2980
App12,Android,2015,50.023,6893451,2962
App93,Android,2014,59.298,3344353,2956
App86,Linux,2015,55.73,25798239,2948
App97,Mac,2009,75.64,628164,2925
App37,Android,2014,63.727,6655297,2900
App36,Linux,2014,48.812,311025,2880
App36,Linux,2013,50.04,305991,2879
App60,Windows,2017,45.964,211060000,2874
App37,Android,2013,66.046,5968349,2861
App13,iOS,2011,73.244,3819000,2860
App68,Windows,2012,68.015,1937652,2852
App79,Mac,2011,71.938,11441462,2849
App132,iOS,2010,54.336,33411317,2826
App41,Linux,2016,40.516,439971,2814
App39,Linux,2012,63.674,38783863,2785
App4,Linux,2017,35.985,10866106,2773
App2,iOS,2010,75.651,1984060,2760
App4,Linux,2013,39.942,7016384,2757
App86,Linux,2014,59.65,22987397,2755
App12,Android,2014,53.859,6156369,2754
App131,Linux,2011,55.602,5303507,2753
App51,Android,2009,70.259,4208858,2750
App93,Android,2018,48.632,5675356,2749
App68,Windows,2010,71.263,1255058,2742
App86,Linux,2013,62.677,20201430,2703
App37,Android,2012,68.457,5302800,2682
App26,Android,2010,71.682,19764027,2679
App29,Linux,2010,56.695,1179760,2678
App120,Windows,2016,65.042,18698655,2664
App102,Windows,2017,56.393,82995088,2651
App139,Windows,2010,51.631,1142636,2650
App126,Windows,2010,67.5,13648692,2644
App4,Linux,2015,39.483,8735988,2628
App122,Linux,2010,46.633,420690,2613
App98,Mac,2018,47.67,169270617,2606
App20,Linux,2014,49.856,10780667,2603
App31,Linux,2013,49.801,9025951,2603
App102,Windows,2013,64.151,53456774,2603
App121,Linux,2018,58.556,42292929,2602
App12,Android,2010,63.883,4040665,2587
App82,Linux,2011,70.736,851334,2575
App125,Windows,2011,57.296,6701172,2571
App3,Linux,2009,72.301,11000948,2551
App13,iOS,2015,69.86,4256013,2547
App55,Android,2010,68.565,2500689,2538
App102,Windows,2016,58.065,75012988,2537
App55,Android,2011,67.659,2965146,2530
App82,Linux,2009,72.801,701016,2529
App100,Android,2011,69.4,2614104,2523
App31,Linux,2012,52.044,7459574,2518
App2,iOS,2015,68.93,3326498,2497
App26,Android,2009,72.889,17009885,2492
App82,Linux,2010,71.954,789309,2475
App93,Android,2017,51.884,5146848,2475
App29,Linux,2009,57.47,1047924,2465
App59,Windows,2018,43.605,1110396331,2452
App138,Windows,2018,74.249,85262356,2442
App4,Linux,2014,39.906,7874230,2430
App128,Windows,2013,64.597,48827160,2393
App60,Windows,2015,52.702,184816000,2383
App31,Linux,2011,52.374,6071696,2378
App36,Linux,2015,46.519,384156,2377
App102,Windows,2012,66.458,46850962,2373
App86,Linux,2012,65.393,18396941,2371
App20,Linux,2013,50.43,9250831,2368
App68,Windows,2009,72.535,933559,2348
App84,Mac,2014,57.489,2015133,2338
App132,iOS,2009,52.098,29788695,2323
App2,iOS,2009,76.423,1728137,2313
App100,Android,2010,70.755,2287985,2299
App55,Android,2009,70.198,2090162,2291
App25,Windows,2016,63.11888,1230075000,2289
App140,Windows,2018,62.698,22211743,2281
App102,Windows,2015,60.06,67185766,2279
App79,Mac,2010,73.044,10154878,2278
App4,Linux,2016,37.928,9875024,2277
App14,Linux,2011,61.484,619351,2264
App93,Android,2016,55.151,4609572,2253
App140,Windows,2017,60.308,18701257,2235
App121,Linux,2012,47.8,17104986,2203
App139,Windows,2009,48.127,1133134,2199
App125,Windows,2009,50.305,4834621,2193
App37,Android,2011,69.957,4671329,2190
App102,Windows,2014,62.082,60017788,2190
App12,Android,2009,65.554,3593918,2181
App13,iOS,2010,74.09,3585000,2172
App93,Android,2015,57.47,4017939,2170
App31,Linux,2014,48.328,10761098,2157
App120,Windows,2015,65.949,17587060,2154
App100,Android,2009,71.752,2009813,2148
App70,Windows,2010,69.978,12617009,2144
App84,Mac,2017,51.253,2674234,2141
App140,Windows,2016,58.02,15826497,2117
App68,Windows,2011,69.772,1613551,2111
App98,Mac,2017,49.8,153403524,2093
App36,Linux,2018,39.693,496374,2082
App31,Linux,2010,53.983,4744870,2052
App98,Mac,2016,51.929,135564834,2049
App20,Linux,2018,42.643,17696293,2042
App79,Mac,2009,74.241,8906385,2037
App71,Windows,2010,77.045,30131000,2029
App39,Linux,2011,67.217,34807417,2024
App95,Linux,2018,39.36,135031164,2014
App140,Windows,2013,49.113,9657618,2013
App54,Android,2013,53.636,5198399,2011
App84,Mac,2013,60.222,1756032,2001
App121,Linux,2017,56.369,37090298,1993
App102,Windows,2011,68.564,40850141,1989
App95,Linux,2012,46.859,62209173,1982
App98,Mac,2015,54.043,120065004,1972
App140,Windows,2014,52.922,11219340,1972
App128,Windows,2012,62.494,44148285,1961
App121,Linux,2009,40.87,11183227,1960
App27,Linux,2011,60.66,250027,1938
App20,Linux,2017,44.799,15929988,1934
App131,Linux,2010,52.053,4786986,1932
App86,Linux,2011,67.66,16660670,1930
App36,Linux,2017,42.074,447416,1908
App84,Mac,2016,53.754,2494803,1902
App121,Linux,2013,50.338,20367053,1896
App36,Linux,2016,44.366,417908,1895
App109,Linux,2013,61.728,98593,1890
App125,Windows,2010,53.655,5680812,1882
App140,Windows,2015,55.599,13367997,1879
App120,Windows,2014,68.757,16495304,1877
App27,Linux,2010,62.974,217378,1876
App54,Android,2012,55.089,4908554,1874
App122,Linux,2009,44.992,370006,1856
App140,Windows,2012,44.175,8403990,1830
App54,Android,2014,51.461,5756203,1823
App126,Windows,2009,65.2,11918938,1823
App39,Linux,2010,69.806,31681188,1815
App102,Windows,2010,70.303,35356600,1814
App81,Linux,2018,44.248,3270065,1803
App54,Android,2009,60.916,3880130,1797
App20,Linux,2015,49.355,12467171,1793
App31,Linux,2016,47.35,14625967,1786
App84,Mac,2015,55.491,2312802,1785
App20,Linux,2012,52.199,7959865,1783
App141,Linux,2010,47.768,3900000,1777
App141,Linux,2011,50.107,4506497,1773
App138,Windows,2017,73.017,80908147,1764
App77,Linux,2011,54.978,7082430,1749
App60,Windows,2014,56.159,169276000,1748
App59,Windows,2017,47.193,1034172547,1747
App109,Linux,2012,62.742,86796,1738
App31,Linux,2009,54.655,3832408,1729
App19,Windows,2018,31.22,14131858,1714
App111,Linux,2018,41.454,12267493,1712
App86,Linux,2010,69.615,14770296,1711
App13,iOS,2009,74.852,3349000,1710
App98,Mac,2014,56.158,105186881,1705
App23,Linux,2018,41.716,10238807,1704
App95,Linux,2011,46.886,53740085,1698
App20,Linux,2016,47.049,14195809,1694
App39,Linux,2009,71.338,28173309,1693
App70,Windows,2016,63.983,21585105,1691
App121,Linux,2010,42.858,12716129,1688
App20,Linux,2011,52.961,7021028,1684
App37,Android,2009,72.235,3453434,1662
App121,Linux,2011,45.083,14597019,1660
App131,Linux,2009,49.579,4286552,1660
App25,Windows,2015,63.96736,1164970000,1656
App111,Linux,2009,63.062,3430243,1655
App37,Android,2010,70.847,4049146,1654
App54,Android,2011,56.671,4698301,1654
App102,Windows,2009,71.688,30325264,1650
App129,Linux,2011,49.759,2056351,1650
App31,Linux,2017,46.832,16252726,1649
App31,Linux,2015,47.991,12772596,1648
App84,Mac,2012,61.271,1528000,1648
App120,Windows,2013,69.011,15410151,1648
App70,Windows,2017,59.942,22215365,1647
App77,Linux,2009,59.443,5703324,1643
App77,Linux,2010,57.286,6334556,1634
App121,Linux,2016,55.373,32160729,1632
App95,Linux,2016,42.821,106207839,1625
App70,Windows,2009,70.647,10917494,1622
App95,Linux,2015,44.514,93364244,1620
App95,Linux,2017,41.04,119901274,1615
App111,Linux,2010,61.6,3965841,1612
App109,Linux,2018,51.893,199579,1598
App111,Linux,2011,60.187,4588696,1598
App70,Windows,2018,56.656,23301725,1593
App141,Linux,2012,51.386,5216550,1589
App81,Linux,2011,60.43,1332786,1587
App81,Linux,2017,46.289,2828858,1579
App95,Linux,2013,46.608,73039376,1577
App74,Linux,2018,42.592,2012649,1569
App86,Linux,2009,71.164,13056604,1566
App111,Linux,2012,58.196,5260855,1562
App31,Linux,2018,44.93,18013409,1545
App77,Linux,2012,52.214,8007166,1544
App71,Windows,2009,78.623,26420307,1536
App109,Linux,2011,63.306,76595,1533
App129,Linux,2012,52.887,2308582,1533
App128,Windows,2011,60.405,39276153,1524
App111,Linux,2017,43.563,10870037,1520
App111,Linux,2013,55.769,6147783,1518
App60,Windows,2013,60.137,153343000,1517
App109,Linux,2014,60.351,110812,1517
App20,Linux,2010,54.314,6335506,1508
App121,Linux,2014,51.744,24725960,1508
App81,Linux,2012,58.333,1456688,1497
App121,Linux,2015,53.556,28227588,1492
App81,Linux,2016,48.437,2444741,1483
App81,Linux,2013,56.145,1622136,1481
App129,Linux,2010,46.769,1735550,1478
App113,Linux,2013,38.445,3464522,1465
App69,Linux,2018,47.949,35610177,1463
App59,Windows,2016,50.651,959000000,1459
App54,Android,2015,49.923,6326682,1456
App141,Linux,2009,46.023,3421000,1453
App54,Android,2010,58.137,4318137,1452
App117,Linux,2012,43.795,4353666,1451
App98,Mac,2013,58.245,91462088,1443
App111,Linux,2014,52.379,7171347,1442
App11,Linux,2018,42.618,8078314,1441
App109,Linux,2015,58.55,125911,1429
App81,Linux,2014,53.599,1841240,1422
App84,Mac,2011,63.625,1320500,1422
App81,Linux,2010,62.247,1230542,1421
App141,Linux,2013,51.821,6100407,1409
App27,Linux,2009,65.152,191689,1407
App20,Linux,2009,54.985,5793633,1400
App111,Linux,2016,45.815,9535314,1392
App9,Windows,2018,41.216,150448339,1391
App23,Linux,2009,51.724,3150417,1390
App138,Windows,2016,70.672,76048996,1386
App95,Linux,2014,45.826,81551520,1385
App109,Linux,2010,64.337,70787,1385
App60,Windows,2012,62.681,136725000,1383
App25,Windows,2014,65.525,1084035000,1379
App11,Linux,2017,44.885,7026113,1373
App117,Linux,2009,48.159,3080153,1369
App111,Linux,2015,48.879,8307920,1368
App69,Linux,2014,54.11,21198082,1362
App81,Linux,2015,50.852,2119465,1361
App69,Linux,2016,50.992,28263827,1360
App113,Linux,2011,40.006,2879013,1354
App109,Linux,2017,54.425,170372,1353
App120,Windows,2012,70.379,14116836,1349
App69,Linux,2013,54.407,17661452,1348
App113,Linux,2012,39.897,3140897,1348
App129,Linux,2013,55.471,2644765,1345
App54,Android,2016,48.042,6913545,1342
App69,Linux,2015,53.559,25020539,1342
App109,Linux,2016,56.48,145608,1339
App49,Linux,2018,46.452,22873338,1328
App27,Linux,2014,52.933,395114,1316
App77,Linux,2013,49.35,9171477,1303
App128,Windows,2010,58.285,34024249,1295
App113,Linux,2014,38.333,3868905,1294
App69,Linux,2017,50.654,31386842,1288
App117,Linux,2010,45.936,3428839,1285
App11,Linux,2013,52.337,3641603,1278
App74,Linux,2017,44.593,2046772,1275
App141,Linux,2018,42.384,11746035,1271
App54,Android,2017,46.243,7607651,1270
App69,Linux,2012,56.155,14500404,1268
App27,Linux,2013,54.926,348643,1267
App140,Windows,2011,39.848,7407075,1265
App117,Linux,2011,44.501,3840161,1255
App27,Linux,2015,50.939,454429,1247
App11,Linux,2016,47.014,6066080,1233
App11,Linux,2014,50.904,4243788,1226
App84,Mac,2010,65.033,1149500,1226
App69,Linux,2011,58.766,12044785,1222
App17,Linux,2018,37.814,14326203,1217
App14,Linux,2010,62.745,553541,1215
App120,Windows,2011,70.457,13016733,1213
App141,Linux,2014,50.821,7272406,1213
App141,Linux,2015,46.1,8381163,1211
App113,Linux,2010,41.012,2662190,1206
App54,Android,2018,43.59,8502814,1202
App129,Linux,2014,56.941,3154264,1202
App23,Linux,2010,51.573,3495967,1197
App22,Linux,2009,50.485,1523478,1193
App11,Linux,2015,49.19,4981671,1191
App49,Linux,2009,60.022,7355248,1190
App74,Linux,2016,47.747,2013823,1186
App49,Linux,2011,58.453,9354120,1178
App117,Linux,2013,42.955,5828892,1177
App98,Mac,2012,60.838,78152686,1176
App27,Linux,2016,48.944,527982,1174
App27,Linux,2012,57.939,304739,1173
App59,Windows,2015,54.208,872000000,1164
App23,Linux,2017,43.601,8835739,1156
App77,Linux,2014,48.969,10568642,1155
App95,Linux,2009,47.472,41871351,1151
App9,Windows,2017,43.453,135656790,1136
App22,Linux,2010,49.396,1733638,1136
App120,Windows,2010,70.815,11737396,1136
App23,Linux,2012,50.651,4388260,1134
App41,Linux,2015,42.024,387838,1132
App49,Linux,2010,58.556,8490213,1126
App113,Linux,2009,42.568,2467895,1117
App49,Linux,2017,48.072,20550751,1112
App60,Windows,2011,66.041,121282000,1111
App22,Linux,2012,46.775,2167533,1109
App127,Linux,2018,52.517,38139640,1107
App23,Linux,2011,51.051,3899068,1104
App117,Linux,2014,41.974,6921858,1093
App90,Mac,2018,39.393,28901790,1091
App11,Linux,2011,54.406,2761407,1086
App27,Linux,2017,46.472,614382,1076
App120,Windows,2009,72.396,10421936,1074
App109,Linux,2009,65.528,65345,1072
App141,Linux,2017,39.193,10595811,1072
App141,Linux,2016,40.238,9417789,1071
App22,Linux,2011,48.295,1927260,1070
App113,Linux,2015,36.788,4260884,1069
App129,Linux,2009,43.922,1528098,1068
App23,Linux,2015,47.383,6429417,1058
App69,Linux,2010,59.285,10191512,1057
App90,Mac,2017,41.472,25873917,1057
App81,Linux,2009,64.164,1146757,1056
App84,Mac,2009,66.803,1010280,1056
App133,Linux,2018,51.542,29170398,1056
App94,Linux,2010,54.496,4534062,1054
App98,Mac,2011,61.818,69325921,1050
App77,Linux,2018,40.848,19167654,1045
App80,Linux,2018,36.936,12031795,1043
App77,Linux,2015,46.881,12210395,1041
App17,Linux,2017,40.697,12251209,1038
App11,Linux,2010,54.777,2427334,1036
App129,Linux,2015,58.061,3747553,1034
App11,Linux,2012,53.919,3168267,1029
App95,Linux,2010,47.464,47287752,1015
App90,Mac,2016,43.971,23001113,1011
App23,Linux,2016,45.569,7562011,1005
App49,Linux,2016,49.875,18418288,1005
App128,Windows,2009,56.061,29263397,1002
App94,Linux,2009,56.867,4076008,998
App49,Linux,2012,57.501,10538093,993
App138,Windows,2015,67.662,69940728,989
App27,Linux,2018,44.467,710960,986
App77,Linux,2016,44.851,14165114,986
App14,Linux,2009,63.622,512764,984
App129,Linux,2016,58.39,4320890,982
App1,Windows,2013,40.822,12881816,978
App59,Windows,2014,56.596,788000000,977
App74,Linux,2015,48.492,1803195,977
App1,Windows,2018,31.997,31889923,975
App9,Windows,2016,45.252,123315288,973
App41,Linux,2014,43.662,341244,967
App25,Windows,2013,67.274,1000281000,962
App127,Linux,2012,49.919,17129565,962
App41,Linux,2012,47.545,192675,959
App22,Linux,2013,46.066,2476971,957
App94,Linux,2011,51.313,5060262,954
App23,Linux,2014,49.517,5498955,952
App80,Linux,2017,38.487,10580176,951
App133,Linux,2011,51.016,10190285,951
App11,Linux,2009,56.728,2151895,949
App17,Linux,2016,43.591,10352843,946
App52,Linux,2017,37.197,8807818,946
App88,Mac,2018,45.108,47761980,944
App52,Linux,2018,35.753,9947814,943
App98,Mac,2010,63.61,60641899,942
App17,Linux,2015,46.137,8878303,932
App117,Linux,2016,39.658,6633514,931
App41,Linux,2013,45.664,285483,928
App133,Linux,2017,47.813,24739869,928
App117,Linux,2015,40.973,6099799,927
App117,Linux,2018,36.981,9118773,926
App49,Linux,2015,51.756,16278738,925
App41,Linux,2010,49.348,259864,916
App127,Linux,2011,47.62,14706593,916
App42,Linux,2016,43.89,4058319,913
App17,Linux,2014,48.122,7586551,912
App94,Linux,2013,44.555,6437188,910
App133,Linux,2010,48.051,8900294,909
App28,Linux,2011,47.412,23007669,905
App127,Linux,2017,49.651,34593779,899
App90,Mac,2015,46.748,20326209,898
App69,Linux,2009,59.339,8678557,897
App19,Windows,2017,40.317,12926707,896
App28,Linux,2009,47.804,17486434,896
App77,Linux,2017,42.881,16473477,895
App129,Linux,2017,57.561,4977378,886
App47,Linux,2012,52.644,608274,885
App129,Linux,2018,58.42,5701579,883
App108,Linux,2013,44.1,5507565,882
App117,Linux,2017,38.977,7753310,882
App49,Linux,2013,55.729,11400338,876
App52,Linux,2012,48.576,4227026,875
App127,Linux,2013,50.608,19844382,874
App52,Linux,2016,38.842,8048834,869
App108,Linux,2018,23.599,8860588,863
App113,Linux,2018,32.767,6144562,863
App28,Linux,2010,47.784,19941073,862
App140,Windows,2010,36.984,6740785,862
App52,Linux,2013,45.552,4710497,857
App59,Windows,2013,58.553,708000000,856
App17,Linux,2011,50.324,5433886,855
App1,Windows,2009,43.828,10267083,853
App1,Windows,2014,39.854,13867957,852
App60,Windows,2009,70.65,99028000,849
App108,Linux,2014,44.02,6349365,848
App127,Linux,2010,45.757,12607312,848
App49,Linux,2014,53.744,14168101,847
App22,Linux,2014,44.741,2840009,845
App133,Linux,2012,50.35,11457758,844
App9,Windows,2015,46.923,113704579,838
App53,Linux,2013,41.245,825987,838
App1,Windows,2010,42.129,11537966,836
App47,Linux,2013,49.265,715523,836
App127,Linux,2014,51.535,23040630,832
App127,Linux,2015,50.44,26605473,826
App140,Windows,2009,35.18,6120081,826
App87,Linux,2018,36.161,19951656,824
App138,Windows,2014,62.82,62826491,821
App53,Linux,2011,44.873,625361,820
App133,Linux,2016,44.578,21210254,817
App59,Windows,2012,60.223,634000000,813
App94,Linux,2012,47.391,5682086,809
App17,Linux,2013,49.557,6634596,807
App52,Linux,2014,42.891,5650262,806
App75,Linux,2011,44.852,1482628,803
App98,Mac,2009,65.483,53100671,803
App142,Linux,2011,55.635,5861135,799
App23,Linux,2013,50.525,4875118,798
App53,Linux,2016,36.486,1193708,797
App74,Linux,2013,52.208,1411807,797
App28,Linux,2012,46.462,26480870,796
App17,Linux,2010,50.65,5127935,795
App52,Linux,2015,40.762,6990574,794
App142,Linux,2016,46.809,11404948,792
App80,Linux,2016,39.977,9384984,790
App127,Linux,2016,48.466,30686889,789
App142,Linux,2013,60.363,7636524,789
App1,Windows,2012,41.674,14880372,786
App108,Linux,2017,36.087,7852401,786
App90,Mac,2014,49.594,17917180,776
App74,Linux,2014,49.767,1599200,774
App138,Windows,2009,45.363,33796140,772
App133,Linux,2009,45.344,7688797,767
App42,Linux,2017,42.189,4414865,765
App53,Linux,2012,43.266,745228,765
App60,Windows,2010,68.588,109343000,762
App78,Linux,2018,38.41,13327079,759
App47,Linux,2011,55.861,517101,756
App47,Linux,2018,33.896,1688359,753
App9,Windows,2014,50.009,103764241,752
App22,Linux,2015,43.457,3265124,748
App53,Linux,2015,37.465,1050938,746
App74,Linux,2012,55.078,1251524,745
App17,Linux,2012,50.26,5889574,743
App52,Linux,2011,51.455,3811387,742
App22,Linux,2016,43.308,3696513,741
App25,Windows,2012,68.69,943455000,741
App1,Windows,2011,41.763,13079460,740
App22,Linux,2017,41.478,4048013,739
App80,Linux,2015,41.714,8416215,739
App108,Linux,2015,43.413,7290203,737
App53,Linux,2014,39.327,927524,736
App47,Linux,2010,58.041,439593,735
App19,Windows,2016,43.415,11782962,734
App1,Windows,2017,34.02,25268405,727
App87,Linux,2011,44.026,9809596,725
App59,Windows,2011,61.765,567000000,724
App17,Linux,2009,52.295,4919632,723
App127,Linux,2009,44.246,10863958,722
App9,Windows,2010,62.013,62821884,721
App90,Mac,2013,52.537,15796314,718
App53,Linux,2010,45.504,601287,716
App75,Linux,2010,45.678,1279406,714
App138,Windows,2012,55.764,50533506,714
App52,Linux,2010,53.676,3451418,709
App138,Windows,2013,58.816,56142181,707
App22,Linux,2018,39.475,4369038,706
App142,Linux,2014,62.351,9216418,706
App59,Windows,2010,62.879,506000000,701
App138,Windows,2011,50.254,44655014,700
App113,Linux,2017,34.113,5359092,699
App90,Mac,2012,55.727,13933198,694
App142,Linux,2015,60.377,10704340,693
App78,Linux,2016,41.766,10419991,692
App43,Linux,2018,40.059,76511887,691
App9,Windows,2009,64.062,56839289,686
App52,Linux,2009,56.007,3140003,686
App80,Linux,2012,48.388,6491649,686
App142,Linux,2012,57.674,6642107,686
App19,Windows,2014,50.957,8371791,684
App80,Linux,2014,43.916,7634008,684
App19,Windows,2015,45.415,10150094,682
App133,Linux,2013,49.849,12939400,682
App9,Windows,2013,52.819,93074406,677
App25,Windows,2011,70.426,862030000,677
App90,Mac,2010,61.34,11261690,676
App90,Mac,2011,59.426,12412593,675
App28,Linux,2013,45.989,30646495,674
App28,Linux,2014,45.548,35481645,673
App41,Linux,2011,48.245,277603,672
App142,Linux,2017,39.989,11926563,672
App108,Linux,2012,44.6,4657072,670
App94,Linux,2014,42.598,7332638,668
App47,Linux,2015,41.842,1025384,666
App78,Linux,2017,39.487,11824495,665
App78,Linux,2012,47.457,5637246,663
App47,Linux,2017,35.857,1457766,661
App9,Windows,2012,56.018,80428306,660
App59,Windows,2009,64.698,454000000,658
App47,Linux,2016,38.308,1235767,654
App90,Mac,2009,63.785,10332057,652
App1,Windows,2015,38.438,16317921,649
App133,Linux,2015,48.825,18252190,644
App42,Linux,2018,40.158,4906585,641
App75,Linux,2012,43.764,1703617,640
App75,Linux,2015,42.221,1912974,637
App138,Windows,2010,47.838,39463910,637
App78,Linux,2014,45.009,7824747,636
App1,Windows,2016,36.088,22227415,635
App75,Linux,2009,46.027,1112796,634
App87,Linux,2017,38.113,18473780,634
App78,Linux,2013,45.642,6502825,633
App18,Linux,2015,44.736,5809236,632
App9,Windows,2011,59.412,70759295,630
App19,Windows,2013,53.914,7272485,624
App18,Linux,2014,45.326,5126023,622
App94,Linux,2018,39.487,12894865,620
App80,Linux,2013,46.364,6998256,618
App133,Linux,2014,51.509,15283050,618
App25,Windows,2010,72.028,754550000,613
App47,Linux,2014,45.58,848406,612
App88,Mac,2017,49.379,45598081,611
App75,Linux,2016,41.536,2201825,609
App94,Linux,2017,40.118,11140655,601
App47,Linux,2009,59.448,374020,600
App108,Linux,2009,46.242,3051242,597
App108,Linux,2011,45,3992121,591
App108,Linux,2016,43,7212583,590
App78,Linux,2011,47.495,4730997,585
App41,Linux,2009,51.579,249220,583
App42,Linux,2015,44.142,3668440,583
App80,Linux,2011,49.903,5828158,581
App94,Linux,2015,41.291,8392818,581
App94,Linux,2016,40.546,9666252,580
App53,Linux,2018,34.488,1472041,579
App43,Linux,2013,46.684,38111756,578
App53,Linux,2017,35.492,1332459,576
App113,Linux,2016,35.4,4578212,575
App43,Linux,2014,44.916,42999530,574
App75,Linux,2013,43.753,1956875,572
App142,Linux,2010,53.995,4995432,570
App87,Linux,2010,44.284,8680909,567
App43,Linux,2011,49.402,30770372,566
App78,Linux,2015,43.767,10014249,563
App18,Linux,2013,45.91,4580410,560
App43,Linux,2012,48.091,34617799,557
App87,Linux,2009,46.344,7788944,557
App18,Linux,2012,47.36,3834415,556
App80,Linux,2010,51.818,5212416,545
App75,Linux,2017,40.802,2814651,531
App43,Linux,2017,42.115,67946797,530
App142,Linux,2009,52.358,4277736,527
App19,Windows,2012,55.803,6978607,525
App42,Linux,2013,46.453,2637297,525
App19,Windows,2010,56.752,6960067,523
App53,Linux,2009,46.388,627820,522
App42,Linux,2014,44.535,2915959,521
App43,Linux,2010,50.725,27860297,516
App43,Linux,2016,43.515,59861301,516
App42,Linux,2011,53.378,2260187,514
App108,Linux,2010,46.218,3451079,511
App42,Linux,2012,49.991,2512642,506
App75,Linux,2014,42.614,2269414,506
App87,Linux,2012,42.861,11127868,502
App74,Linux,2010,57.18,996380,499
App19,Windows,2009,59.723,6083619,497
App74,Linux,2011,55.558,1116779,497
App78,Linux,2010,48.303,4147252,496
App80,Linux,2009,54.467,4690372,496
App25,Windows,2009,72.961,665770000,488
App87,Linux,2016,40.328,16603334,472
App142,Linux,2018,43.487,12311143,470
App42,Linux,2010,55.24,1820319,469
App18,Linux,2011,47.471,3529983,464
App18,Linux,2016,44.057,6121610,463
App87,Linux,2013,42.795,12587223,462
App28,Linux,2015,44.966,41672143,458
App18,Linux,2017,43.548,7021078,446
App18,Linux,2018,42.045,8390505,430
App78,Linux,2009,49.42,3628608,428
App88,Mac,2013,58.339,34680442,424
App19,Windows,2011,56.534,7450606,422
App43,Linux,2015,44.51,52088559,421
App43,Linux,2009,52.947,25145372,419
App75,Linux,2018,40.502,3193942,415
App88,Mac,2016,53.07,43247867,415
App18,Linux,2010,48.211,3330989,413
App74,Linux,2009,59.685,893143,412
App87,Linux,2015,42.082,13160731,411
App87,Linux,2014,42.495,12891952,390
App88,Mac,2009,62.069,23634436,388
App88,Mac,2014,58.056,38028578,385
App42,Linux,2009,58.04,1666618,381
App88,Mac,2012,59.32,31528087,371
App88,Mac,2011,59.908,28466390,357
App18,Linux,2009,49.58,2961915,355
App88,Mac,2010,60.328,25870271,349
App88,Mac,2015,56.059,40546538,347
App28,Linux,2016,44.056,47798986,312
App28,Linux,2018,42.122,64606759,278
App28,Linux,2017,42.587,55379852,241
